Krishna,Kumar,krishba47@gmail.com,6207083598,Automation,low,123456,software engineer,XDBS,India,51-200,user,56,1
rahul ,Doe,krishba27@gmail.com,6207083598,IT,high,123456,software engineer,XDBS,India,51-201,user,1,2
sahil,gupta,krishba28@gmail.com,6207083598,IT,high,123456,software engineer,XDBS,India,51-202,user,1,2
John,Doe,krishba29@gmail.com,6207083598,Digital,high,123456,software engineer,XDBS,India,51-203,user,54,2
roshan,rajput,krishba30@gmail.com,6207083598,marketing,high,123456,software engineer,XDBS,India,51-204,user,55,2
John,Doe,krishba31@gmail.com,6207083598,IT,high,123456,software engineer,XDBS,India,51-205,user,1,2
John,Doe,krishba32@gmail.com,6207083598,IT,high,123456,software engineer,XDBS,India,51-206,user,1,2
John,Doe,krishba33@gmail.com,6207083598,IT,bad,123456,software engineer,XDBS,India,51-207,user,1,4
John,Doe,krishba34@gmail.com,6207083598,IT,bad,123456,software engineer,XDBS,India,51-208,user,1,4
John,Doe,krishba35@gmail.com,6207083598,IT,bad,123456,software engineer,XDBS,India,51-209,user,1,4
John,Doe,krishba36@gmail.com,6207083598,IT,bad,123456,software engineer,XDBS,India,51-210,user,1,4
John,Doe,krishba37@gmail.com,6207083598,IT,bad,123456,software engineer,XDBS,India,51-211,user,1,4
John,Doe,krishb38@gmail.com,6207083598,IT,low,123456,software engineer,XDBS,India,51-212,user,1,1
John,Doe,krishba40@gmail.com,6207083598,IT,low,123456,software engineer,XDBS,India,51-213,user,1,1
John,Doe,krishba41@gmail.com,6207083598,IT,excellent,123456,software engineer,XDBS,India,51-214,user,1,3
John,Doe,krishba42@gmail.com,6207083598,IT,excellent,123456,software engineer,XDBS,India,51-215,user,1,3
John,Doe,krishba43@gmail.com,6207083598,IT,excellent,123456,software engineer,XDBS,India,51-216,user,1,3
John,Doe,krishba44@gmail.com,6207083598,IT,excellent,123456,software engineer,XDBS,India,51-217,user,1,3
John,Doe,krishba45@gmail.com,6207083598,IT,low,123456,software engineer,XDBS,India,51-218,user,1,1
John,Doe,krishba46@gmail.com,6207083598,IT,low,123456,software engineer,XDBS,India,51-219,user,1,1
